R_peak_fit,t_peak_fit,t_onset_fit,t_mean_fit,duration,shape,fitted_emission,prior,time,emission,integral,Type,comp,Channel_number,intensity1,Totalbio,Leaf3,d1_time
22.338437765625002,6.0,4.9759778537919805,13.194763729032491,8.21878587524051,0.8754046933753397,2.474533750063858e-26,-2.0917824457443466,-1.0,-13.43710366699218,228.81852341055497,b,mono,60,15_min_feeding,60,60,10.5
22.338437765625002,6.0,4.9759778537919805,13.194763729032491,8.21878587524051,0.8754046933753397,3.425977468005472e-24,-1.4280431069795725,-0.5,-9.27288619140625,228.81852341055497,b,mono,60,15_min_feeding,60,60,10.5
22.338437765625002,6.0,4.9759778537919805,13.194763729032491,8.21878587524051,0.8754046933753397,4.7432457168863795e-22,4.068599054400877,0.0,-4.592902299804688,228.81852341055497,b,mono,60,15_min_feeding,60,60,10.5
22.338437765625002,6.0,4.9759778537919805,13.194763729032491,8.21878587524051,0.8754046933753397,6.566995883910188e-20,4.337287463129776,0.5,-7.500453652343751,228.81852341055497,b,mono,60,15_min_feeding,60,60,10.5
22.338437765625002,6.0,4.9759778537919805,13.194763729032491,8.21878587524051,0.8754046933753397,9.09196729694246e-18,0.32667278262499977,1.0,-10.001362104492188,228.81852341055497,b,mono,60,15_min_feeding,60,60,10.5
22.338437765625002,6.0,4.9759778537919805,13.194763729032491,8.21878587524051,0.8754046933753397,1.2587775413596045e-15,0.5642278429092755,1.5,-9.991760849609367,228.81852341055497,b,mono,60,15_min_feeding,60,60,10.5
22.338437765625002,6.0,4.9759778537919805,13.194763729032491,8.21878587524051,0.8754046933753397,1.7427701254094906e-13,1.8121462771327543,2.0,-9.71118083007812,228.81852341055497,b,mono,60,15_min_feeding,60,60,10.5
22.338437765625002,6.0,4.9759778537919805,13.194763729032491,8.21878587524051,0.8754046933753397,2.412855020185996e-11,11.12913924737343,2.5,6.894498203125011,228.81852341055497,b,mono,60,15_min_feeding,60,60,10.5
22.338437765625002,6.0,4.9759778537919805,13.194763729032491,8.21878587524051,0.8754046933753397,3.340583619434994e-09,14.29104181183289,3.0,9.872165981445317,228.81852341055497,b,mono,60,15_min_feeding,60,60,10.5
22.338437765625002,6.0,4.9759778537919805,13.194763729032491,8.21878587524051,0.8754046933753397,6.402941295872763e-05,14.119391397483852,4.0,-5.6613331542968695,228.81852341055497,b,mono,60,15_min_feeding,60,60,10.5
22.338437765625002,6.0,4.9759778537919805,13.194763729032491,8.21878587524051,0.8754046933753397,0.008790037719738209,13.518973915605933,4.5,-0.8687607812499962,228.81852341055497,b,mono,60,15_min_feeding,60,60,10.5
22.338437765625002,6.0,4.9759778537919805,13.194763729032491,8.21878587524051,0.8754046933753397,8.423075777038942,14.252336264865576,5.0,3.4223874658203144,228.81852341055497,b,mono,60,15_min_feeding,60,60,10.5
22.338437765625002,6.0,4.9759778537919805,13.194763729032491,8.21878587524051,0.8754046933753397,21.65343752931946,20.929009768603965,5.5,18.009346708496093,228.81852341055497,b,mono,60,15_min_feeding,60,60,10.5
22.338437765625002,6.0,4.9759778537919805,13.194763729032491,8.21878587524051,0.8754046933753397,22.33764020148891,15.643950135227222,6.0,23.08428686035157,228.81852341055497,b,mono,60,15_min_feeding,60,60,10.5
22.338437765625002,6.0,4.9759778537919805,13.194763729032491,8.21878587524051,0.8754046933753397,22.052052488321674,10.338131990639667,6.5,26.47503206054688,228.81852341055497,b,mono,60,15_min_feeding,60,60,10.5
22.338437765625002,6.0,4.9759778537919805,13.194763729032491,8.21878587524051,0.8754046933753397,21.419343475851896,22.528929815043686,7.0,20.975841547851562,228.81852341055497,b,mono,60,15_min_feeding,60,60,10.5
22.338437765625002,6.0,4.9759778537919805,13.194763729032491,8.21878587524051,0.8754046933753397,20.619164078058446,21.916522065935453,7.5,27.923047207031253,228.81852341055497,b,mono,60,15_min_feeding,60,60,10.5
22.338437765625002,6.0,4.9759778537919805,13.194763729032491,8.21878587524051,0.8754046933753397,19.73610336899592,12.869686055629586,8.0,20.187740903320318,228.81852341055497,b,mono,60,15_min_feeding,60,60,10.5
22.338437765625002,6.0,4.9759778537919805,13.194763729032491,8.21878587524051,0.8754046933753397,18.816480421597344,11.670659551386859,8.5,23.120478071289067,228.81852341055497,b,mono,60,15_min_feeding,60,60,10.5
22.338437765625002,6.0,4.9759778537919805,13.194763729032491,8.21878587524051,0.8754046933753397,17.88785792713295,7.969436094934558,9.0,14.318718012695314,228.81852341055497,b,mono,60,15_min_feeding,60,60,10.5
22.338437765625002,6.0,4.9759778537919805,13.194763729032491,8.21878587524051,0.8754046933753397,16.967447416468037,14.28553563407614,9.5,19.788957934570313,228.81852341055497,b,mono,60,15_min_feeding,60,60,10.5
22.338437765625002,6.0,4.9759778537919805,13.194763729032491,8.21878587524051,0.8754046933753397,16.066267800748047,7.501792875948418,10.0,11.032373564453124,228.81852341055497,b,mono,60,15_min_feeding,60,60,10.5
22.338437765625002,6.0,4.9759778537919805,13.194763729032491,8.21878587524051,0.8754046933753397,15.191414377707021,3.945431668822401,10.5,8.560713554687503,228.81852341055497,b,mono,60,15_min_feeding,60,60,10.5
22.338437765625002,6.0,4.9759778537919805,13.194763729032491,8.21878587524051,0.8754046933753397,14.347390473870936,9.632288517781845,11.0,19.74510992675782,228.81852341055497,b,mono,60,15_min_feeding,60,60,10.5
22.338437765625002,6.0,4.9759778537919805,13.194763729032491,8.21878587524051,0.8754046933753397,13.53693410188639,6.379566306420784,11.5,9.470651630859379,228.81852341055497,b,mono,60,15_min_feeding,60,60,10.5
22.338437765625002,6.0,4.9759778537919805,13.194763729032491,8.21878587524051,0.8754046933753397,12.761554349181786,9.839325584128115,12.0,7.619865708007815,228.81852341055497,b,mono,60,15_min_feeding,60,60,10.5
22.338437765625002,6.0,4.9759778537919805,13.194763729032491,8.21878587524051,0.8754046933753397,12.021891961588048,10.501708107913945,12.5,15.338859321289071,228.81852341055497,b,mono,60,15_min_feeding,60,60,10.5
22.338437765625002,6.0,4.9759778537919805,13.194763729032491,8.21878587524051,0.8754046933753397,11.317968769933282,8.35093821114669,13.0,15.637203847656249,228.81852341055497,b,mono,60,15_min_feeding,60,60,10.5
22.338437765625002,6.0,4.9759778537919805,13.194763729032491,8.21878587524051,0.8754046933753397,10.64936426800038,6.809412339078413,13.5,4.742308237304687,228.81852341055497,b,mono,60,15_min_feeding,60,60,10.5
22.338437765625002,6.0,4.9759778537919805,13.194763729032491,8.21878587524051,0.8754046933753397,10.015342981680188,9.172813568947866,14.0,10.440009570312505,228.81852341055497,b,mono,60,15_min_feeding,60,60,10.5
22.338437765625002,6.0,4.9759778537919805,13.194763729032491,8.21878587524051,0.8754046933753397,9.414947732267343,6.087165200461651,14.5,10.98777760742188,228.81852341055497,b,mono,60,15_min_feeding,60,60,10.5
22.338437765625002,6.0,4.9759778537919805,13.194763729032491,8.21878587524051,0.8754046933753397,8.847068736518521,7.02921982228553,15.0,6.111897011718753,228.81852341055497,b,mono,60,15_min_feeding,60,60,10.5
22.338437765625002,6.0,4.9759778537919805,13.194763729032491,8.21878587524051,0.8754046933753397,8.310495262197037,13.364035724950448,15.5,16.985234874023437,228.81852341055497,b,mono,60,15_min_feeding,60,60,10.5
22.338437765625002,6.0,4.9759778537919805,13.194763729032491,8.21878587524051,0.8754046933753397,7.803954484517655,8.608038279097098,16.0,8.449079072265626,228.81852341055497,b,mono,60,15_min_feeding,60,60,10.5
22.338437765625002,6.0,4.9759778537919805,13.194763729032491,8.21878587524051,0.8754046933753397,7.326140820927763,7.372292146178623,16.5,9.719589804687498,228.81852341055497,b,mono,60,15_min_feeding,60,60,10.5
22.338437765625002,6.0,4.9759778537919805,13.194763729032491,8.21878587524051,0.8754046933753397,6.875738098223271,2.8285395316104207,17.0,8.795076083984384,228.81852341055497,b,mono,60,15_min_feeding,60,60,10.5
22.338437765625002,6.0,4.9759778537919805,13.194763729032491,8.21878587524051,0.8754046933753397,6.451436269767161,9.415778619922719,17.5,11.762951040039063,228.81852341055497,b,mono,60,15_min_feeding,60,60,10.5
22.338437765625002,6.0,4.9759778537919805,13.194763729032491,8.21878587524051,0.8754046933753397,6.051943954093748,6.977101160629164,18.0,9.790805834960942,228.81852341055497,b,mono,60,15_min_feeding,60,60,10.5
22.338437765625002,6.0,4.9759778537919805,13.194763729032491,8.21878587524051,0.8754046933753397,5.675997747608428,5.438054068753765,18.5,8.725147255859376,228.81852341055497,b,mono,60,15_min_feeding,60,60,10.5
22.338437765625002,6.0,4.9759778537919805,13.194763729032491,8.21878587524051,0.8754046933753397,5.322369033343077,3.8193059673844374,19.0,2.4804208691406266,228.81852341055497,b,mono,60,15_min_feeding,60,60,10.5
22.338437765625002,6.0,4.9759778537919805,13.194763729032491,8.21878587524051,0.8754046933753397,4.98986883829435,8.931139626797663,19.5,14.615265390624998,228.81852341055497,b,mono,60,15_min_feeding,60,60,10.5
22.338437765625002,6.0,4.9759778537919805,13.194763729032491,8.21878587524051,0.8754046933753397,4.677351165909156,7.039400176562651,20.0,4.695873076171875,228.81852341055497,b,mono,60,15_min_feeding,60,60,10.5
22.338437765625002,6.0,4.9759778537919805,13.194763729032491,8.21878587524051,0.8754046933753397,4.383715135573062,6.397791403066478,20.5,13.10103634277344,228.81852341055497,b,mono,60,15_min_feeding,60,60,10.5
22.338437765625002,6.0,4.9759778537919805,13.194763729032491,8.21878587524051,0.8754046933753397,4.107906189012339,5.370797865158696,21.0,12.02178133789063,228.81852341055497,b,mono,60,15_min_feeding,60,60,10.5
27.866525984374995,5.600000000053631,1.456056464847189,9.336978498087815,7.880922033240626,0.47418036649419076,5.914440640239114e-21,-2.852360097245409,-1.0,-1.6728944726562531,295.8226951220055,b,mono,62,15_min_feeding,62,62,10.5
27.866525984374995,5.600000000053631,1.456056464847189,9.336978498087815,7.880922033240626,0.47418036649419076,7.678535233234673e-19,-1.6827512424540245,-0.5,1.579110078124991,295.8226951220055,b,mono,62,15_min_feeding,62,62,10.5
27.866525984374995,5.600000000053631,1.456056464847189,9.336978498087815,7.880922033240626,0.47418036649419076,9.968799976456315e-17,5.24192128440648,0.0,9.681690683593743,295.8226951220055,b,mono,62,15_min_feeding,62,62,10.5
27.866525984374995,5.600000000053631,1.456056464847189,9.336978498087815,7.880922033240626,0.47418036649419076,1.2941278911240821e-14,5.40714272885802,0.5,9.447936796874998,295.8226951220055,b,mono,62,15_min_feeding,62,62,10.5
27.866525984374995,5.600000000053631,1.456056464847189,9.336978498087815,7.880922033240626,0.47418036649419076,1.6628574709853524e-12,-0.10566811721446356,1.0,4.4286942773437445,295.8226951220055,b,mono,62,15_min_feeding,62,62,10.5
27.866525984374995,5.600000000053631,1.456056464847189,9.336978498087815,7.880922033240626,0.47418036649419076,0.32810306087260854,0.6166953424046184,1.5,3.7724063671875,295.8226951220055,b,mono,62,15_min_feeding,62,62,10.5
27.866525984374995,5.600000000053631,1.456056464847189,9.336978498087815,7.880922033240626,0.47418036649419076,7.650331122440421,2.9209545392830876,2.0,7.247854726562494,295.8226951220055,b,mono,62,15_min_feeding,62,62,10.5
27.866525984374995,5.600000000053631,1.456056464847189,9.336978498087815,7.880922033240626,0.47418036649419076,13.848327844719963,16.55968452948141,2.5,25.4497309375,295.8226951220055,b,mono,62,15_min_feeding,62,62,10.5
27.866525984374995,5.600000000053631,1.456056464847189,9.336978498087815,7.880922033240626,0.47418036649419076,18.696704251316252,20.933925626845785,3.0,8.56711505859375,295.8226951220055,b,mono,62,15_min_feeding,62,62,10.5
27.866525984374995,5.600000000053631,1.456056464847189,9.336978498087815,7.880922033240626,0.47418036649419076,24.891098362747726,21.356070561866417,4.0,20.715259960937495,295.8226951220055,b,mono,62,15_min_feeding,62,62,10.5
27.866525984374995,5.600000000053631,1.456056464847189,9.336978498087815,7.880922033240626,0.47418036649419076,26.56758822790491,20.77553774207368,4.5,21.541585624999996,295.8226951220055,b,mono,62,15_min_feeding,62,62,10.5
27.866525984374995,5.600000000053631,1.456056464847189,9.336978498087815,7.880922033240626,0.47418036649419076,27.50981303530742,21.98064699083833,5.0,21.018210371093737,295.8226951220055,b,mono,62,15_min_feeding,62,62,10.5
27.866525984374995,5.600000000053631,1.456056464847189,9.336978498087815,7.880922033240626,0.47418036649419076,27.857382636550025,28.768577783213306,5.5,13.601263736328114,295.8226951220055,b,mono,62,15_min_feeding,62,62,10.5
27.866525984374995,5.600000000053631,1.456056464847189,9.336978498087815,7.880922033240626,0.47418036649419076,27.73153631405357,23.852155950241112,6.0,18.966451230468742,295.8226951220055,b,mono,62,15_min_feeding,62,62,10.5
27.866525984374995,5.600000000053631,1.456056464847189,9.336978498087815,7.880922033240626,0.47418036649419076,27.235844432626553,15.525885905099472,6.5,15.850671914062495,295.8226951220055,b,mono,62,15_min_feeding,62,62,10.5
27.866525984374995,5.600000000053631,1.456056464847189,9.336978498087815,7.880922033240626,0.47418036649419076,26.45769479158647,31.742093468157567,7.0,34.83315748046874,295.8226951220055,b,mono,62,15_min_feeding,62,62,10.5
27.866525984374995,5.600000000053631,1.456056464847189,9.336978498087815,7.880922033240626,0.47418036649419076,25.470056209609847,31.199609742282604,7.5,32.99980460937499,295.8226951220055,b,mono,62,15_min_feeding,62,62,10.5
27.866525984374995,5.600000000053631,1.456056464847189,9.336978498087815,7.880922033240626,0.47418036649419076,24.333274411466316,20.05237288963326,8.0,20.63888162109373,295.8226951220055,b,mono,62,15_min_feeding,62,62,10.5
27.866525984374995,5.600000000053631,1.456056464847189,9.336978498087815,7.880922033240626,0.47418036649419076,23.09678134395591,16.627983889544275,8.5,25.499389511718746,295.8226951220055,b,mono,62,15_min_feeding,62,62,10.5
27.866525984374995,5.600000000053631,1.456056464847189,9.336978498087815,7.880922033240626,0.47418036649419076,21.80066329775246,13.190692344020832,9.0,21.495484433593745,295.8226951220055,b,mono,62,15_min_feeding,62,62,10.5
27.866525984374995,5.600000000053631,1.456056464847189,9.336978498087815,7.880922033240626,0.47418036649419076,20.477067149198664,20.06098132007886,9.5,21.626270996093744,295.8226951220055,b,mono,62,15_min_feeding,62,62,10.5
27.866525984374995,5.600000000053631,1.456056464847189,9.336978498087815,7.880922033240626,0.47418036649419076,19.15144219437405,11.277633516977836,10.0,12.190035585937494,295.8226951220055,b,mono,62,15_min_feeding,62,62,10.5
27.866525984374995,5.600000000053631,1.456056464847189,9.336978498087815,7.880922033240626,0.47418036649419076,17.843624625676505,6.022949771291692,10.5,9.768701406249996,295.8226951220055,b,mono,62,15_min_feeding,62,62,10.5
27.866525984374995,5.600000000053631,1.456056464847189,9.336978498087815,7.880922033240626,0.47418036649419076,16.56877647209686,12.122521257544772,11.0,7.116423652343748,295.8226951220055,b,mono,62,15_min_feeding,62,62,10.5
27.866525984374995,5.600000000053631,1.456056464847189,9.336978498087815,7.880922033240626,0.47418036649419076,15.338192857254814,8.457594810204377,11.5,8.420848007812495,295.8226951220055,b,mono,62,15_min_feeding,62,62,10.5
27.866525984374995,5.600000000053631,1.456056464847189,9.336978498087815,7.880922033240626,0.47418036649419076,14.15999189907717,12.713671810224334,12.0,11.450498027343748,295.8226951220055,b,mono,62,15_min_feeding,62,62,10.5
27.866525984374995,5.600000000053631,1.456056464847189,9.336978498087815,7.880922033240626,0.47418036649419076,13.03970116683922,13.316409295047443,12.5,13.340864511718745,295.8226951220055,b,mono,62,15_min_feeding,62,62,10.5
27.866525984374995,5.600000000053631,1.456056464847189,9.336978498087815,7.880922033240626,0.47418036649419076,11.980753731879984,11.02816933837051,13.0,12.510546796874998,295.8226951220055,b,mono,62,15_min_feeding,62,62,10.5
27.866525984374995,5.600000000053631,1.456056464847189,9.336978498087815,7.880922033240626,0.47418036649419076,10.984905741380599,8.994114490556399,13.5,11.267150566406244,295.8226951220055,b,mono,62,15_min_feeding,62,62,10.5
27.866525984374995,5.600000000053631,1.456056464847189,9.336978498087815,7.880922033240626,0.47418036649419076,10.052586256176458,11.83190708127297,14.0,2.5173960937499977,295.8226951220055,b,mono,62,15_min_feeding,62,62,10.5
27.866525984374995,5.600000000053631,1.456056464847189,9.336978498087815,7.880922033240626,0.47418036649419076,9.183188909998949,7.7730472481026,14.5,10.581065976562492,295.8226951220055,b,mono,62,15_min_feeding,62,62,10.5
27.866525984374995,5.600000000053631,1.456056464847189,9.336978498087815,7.880922033240626,0.47418036649419076,8.375313818257437,9.417313037202824,15.0,12.608021015624992,295.8226951220055,b,mono,62,15_min_feeding,62,62,10.5
27.866525984374995,5.600000000053631,1.456056464847189,9.336978498087815,7.880922033240626,0.47418036649419076,7.626967115956187,17.2355007259957,15.5,11.99363108203124,295.8226951220055,b,mono,62,15_min_feeding,62,62,10.5
27.866525984374995,5.600000000053631,1.456056464847189,9.336978498087815,7.880922033240626,0.47418036649419076,6.935724548783714,11.336149057184116,16.0,12.853792929687494,295.8226951220055,b,mono,62,15_min_feeding,62,62,10.5
27.866525984374995,5.600000000053631,1.456056464847189,9.336978498087815,7.880922033240626,0.47418036649419076,6.298864682189645,9.5769210044935,16.5,5.571036406249995,295.8226951220055,b,mono,62,15_min_feeding,62,62,10.5
27.866525984374995,5.600000000053631,1.456056464847189,9.336978498087815,7.880922033240626,0.47418036649419076,5.713476528431391,2.9098149644131155,17.0,-5.741386054687503,295.8226951220055,b,mono,62,15_min_feeding,62,62,10.5
27.866525984374995,5.600000000053631,1.456056464847189,9.336978498087815,7.880922033240626,0.47418036649419076,5.176545716101527,11.858900835583185,17.5,10.905520136718746,295.8226951220055,b,mono,62,15_min_feeding,62,62,10.5
27.866525984374995,5.600000000053631,1.456056464847189,9.336978498087815,7.880922033240626,0.47418036649419076,4.685022733863071,8.685929464913336,18.0,8.561722363281248,295.8226951220055,b,mono,62,15_min_feeding,62,62,10.5
27.866525984374995,5.600000000053631,1.456056464847189,9.336978498087815,7.880922033240626,0.47418036649419076,4.235876262620012,6.498345940961052,18.5,6.173375507812501,295.8226951220055,b,mono,62,15_min_feeding,62,62,10.5
27.866525984374995,5.600000000053631,1.456056464847189,9.336978498087815,7.880922033240626,0.47418036649419076,3.8261341605783845,4.558810876843971,19.0,1.1779819921874974,295.8226951220055,b,mono,62,15_min_feeding,62,62,10.5
27.866525984374995,5.600000000053631,1.456056464847189,9.336978498087815,7.880922033240626,0.47418036649419076,3.4529142762549805,11.61333992980191,19.5,9.794587187499992,295.8226951220055,b,mono,62,15_min_feeding,62,62,10.5
27.866525984374995,5.600000000053631,1.456056464847189,9.336978498087815,7.880922033240626,0.47418036649419076,3.11344692852134,9.020668383153435,20.0,8.075026601562485,295.8226951220055,b,mono,62,15_min_feeding,62,62,10.5
27.866525984374995,5.600000000053631,1.456056464847189,9.336978498087815,7.880922033240626,0.47418036649419076,2.805090603806461,8.68005156427833,20.5,7.182079707031249,295.8226951220055,b,mono,62,15_min_feeding,62,62,10.5
27.866525984374995,5.600000000053631,1.456056464847189,9.336978498087815,7.880922033240626,0.47418036649419076,2.5253421727690624,6.931540474713465,21.0,8.426462617187497,295.8226951220055,b,mono,62,15_min_feeding,62,62,10.5
33.8783572421875,5.6000000000000005,1.6925723864930506,8.73029377831097,7.03772139181792,0.4447879653136399,3.391954426794732e-23,-3.073484475530492,-1.0,-6.848998173828122,317.1065955088624,b,mono,67,15_min_feeding,67,67,10.5
33.8783572421875,5.6000000000000005,1.6925723864930506,8.73029377831097,7.03772139181792,0.4447879653136399,4.290943672953315e-21,-1.4288178826671825,-0.5,2.9447937890625013,317.1065955088624,b,mono,67,15_min_feeding,67,67,10.5
33.8783572421875,5.6000000000000005,1.6925723864930506,8.73029377831097,7.03772139181792,0.4447879653136399,5.428196985493486e-19,5.1937280171955535,0.0,11.375731904296877,317.1065955088624,b,mono,67,15_min_feeding,67,67,10.5
33.8783572421875,5.6000000000000005,1.6925723864930506,8.73029377831097,7.03772139181792,0.4447879653136399,6.86681820575605e-17,5.0783501505234625,0.5,10.624429648437506,317.1065955088624,b,mono,67,15_min_feeding,67,67,10.5
33.8783572421875,5.6000000000000005,1.6925723864930506,8.73029377831097,7.03772139181792,0.4447879653136399,8.678304373012213e-15,-0.9200993805000834,1.0,-1.1479237988281241,317.1065955088624,b,mono,67,15_min_feeding,67,67,10.5
33.8783572421875,5.6000000000000005,1.6925723864930506,8.73029377831097,7.03772139181792,0.4447879653136399,9.591057870363908e-13,0.43830446434150616,1.5,8.304326308593758,317.1065955088624,b,mono,67,15_min_feeding,67,67,10.5
33.8783572421875,5.6000000000000005,1.6925723864930506,8.73029377831097,7.03772139181792,0.4447879653136399,4.280483509572763,3.797190370656395,2.0,0.07927673828125847,317.1065955088624,b,mono,67,15_min_feeding,67,67,10.5
33.8783572421875,5.6000000000000005,1.6925723864930506,8.73029377831097,7.03772139181792,0.4447879653136399,12.737507365141038,19.840551012103347,2.5,16.431720468750008,317.1065955088624,b,mono,67,15_min_feeding,67,67,10.5
33.8783572421875,5.6000000000000005,1.6925723864930506,8.73029377831097,7.03772139181792,0.4447879653136399,19.821111716476498,24.640667453191178,3.0,24.014854091796877,317.1065955088624,b,mono,67,15_min_feeding,67,67,10.5
33.8783572421875,5.6000000000000005,1.6925723864930506,8.73029377831097,7.03772139181792,0.4447879653136399,29.26503419972567,26.051651673585667,4.0,32.25519560546876,317.1065955088624,b,mono,67,15_min_feeding,67,67,10.5
33.8783572421875,5.6000000000000005,1.6925723864930506,8.73029377831097,7.03772139181792,0.4447879653136399,31.864493011400793,25.773942390316556,4.5,31.401222812500002,317.1065955088624,b,mono,67,15_min_feeding,67,67,10.5
33.8783572421875,5.6000000000000005,1.6925723864930506,8.73029377831097,7.03772139181792,0.4447879653136399,33.326594681999545,27.37018196492931,5.0,29.55082674804688,317.1065955088624,b,mono,67,15_min_feeding,67,67,10.5
33.8783572421875,5.6000000000000005,1.6925723864930506,8.73029377831097,7.03772139181792,0.4447879653136399,33.864270324869395,31.300623020391928,5.5,25.76273833691406,317.1065955088624,b,mono,67,15_min_feeding,67,67,10.5
33.8783572421875,5.6000000000000005,1.6925723864930506,8.73029377831097,7.03772139181792,0.4447879653136399,33.671457445444794,29.346774711561274,6.0,32.886543427734374,317.1065955088624,b,mono,67,15_min_feeding,67,67,10.5
33.8783572421875,5.6000000000000005,1.6925723864930506,8.73029377831097,7.03772139181792,0.4447879653136399,32.91757905064034,18.793025283061297,6.5,2.754360332031254,317.1065955088624,b,mono,67,15_min_feeding,67,67,10.5
33.8783572421875,5.6000000000000005,1.6925723864930506,8.73029377831097,7.03772139181792,0.4447879653136399,31.746640032677547,35.655842051064134,7.0,42.34794655273437,317.1065955088624,b,mono,67,15_min_feeding,67,67,10.5
33.8783572421875,5.6000000000000005,1.6925723864930506,8.73029377831097,7.03772139181792,0.4447879653136399,30.27853619149584,35.49838930048344,7.5,33.54282855468751,317.1065955088624,b,mono,67,15_min_feeding,67,67,10.5
33.8783572421875,5.6000000000000005,1.6925723864930506,8.73029377831097,7.03772139181792,0.4447879653136399,28.611361763662806,25.231918941697224,8.0,22.498522373046875,317.1065955088624,b,mono,67,15_min_feeding,67,67,10.5
33.8783572421875,5.6000000000000005,1.6925723864930506,8.73029377831097,7.03772139181792,0.4447879653136399,26.82407767623989,18.937240730097116,8.5,29.300650068359374,317.1065955088624,b,mono,67,15_min_feeding,67,67,10.5
33.8783572421875,5.6000000000000005,1.6925723864930506,8.73029377831097,7.03772139181792,0.4447879653136399,24.979202355053953,17.583542716254613,9.0,19.86187877929688,317.1065955088624,b,mono,67,15_min_feeding,67,67,10.5
33.8783572421875,5.6000000000000005,1.6925723864930506,8.73029377831097,7.03772139181792,0.4447879653136399,23.125350238127776,22.439415704547926,9.5,0.04483706054687531,317.1065955088624,b,mono,67,15_min_feeding,67,67,10.5
33.8783572421875,5.6000000000000005,1.6925723864930506,8.73029377831097,7.03772139181792,0.4447879653136399,21.29953474274138,13.665056331405857,10.0,18.122023417968755,317.1065955088624,b,mono,67,15_min_feeding,67,67,10.5
33.8783572421875,5.6000000000000005,1.6925723864930506,8.73029377831097,7.03772139181792,0.4447879653136399,19.529204383670837,7.41781625203739,10.5,1.9622782031250097,317.1065955088624,b,mono,67,15_min_feeding,67,67,10.5
33.8783572421875,5.6000000000000005,1.6925723864930506,8.73029377831097,7.03772139181792,0.4447879653136399,17.83400998127918,11.571314660410959,11.0,4.798820888671877,317.1065955088624,b,mono,67,15_min_feeding,67,67,10.5
33.8783572421875,5.6000000000000005,1.6925723864930506,8.73029377831097,7.03772139181792,0.4447879653136399,16.227316822642138,8.749252421162751,11.5,16.596730878906257,317.1065955088624,b,mono,67,15_min_feeding,67,67,10.5
33.8783572421875,5.6000000000000005,1.6925723864930506,8.73029377831097,7.03772139181792,0.4447879653136399,14.717483654072275,12.657862961423096,12.0,17.96356807617188,317.1065955088624,b,mono,67,15_min_feeding,67,67,10.5
33.8783572421875,5.6000000000000005,1.6925723864930506,8.73029377831097,7.03772139181792,0.4447879653136399,13.30893369403992,12.868673408618104,12.5,1.4921375683593787,317.1065955088624,b,mono,67,15_min_feeding,67,67,10.5
33.8783572421875,5.6000000000000005,1.6925723864930506,8.73029377831097,7.03772139181792,0.4447879653136399,12.003043401283614,11.345002855022386,13.0,14.372474648437503,317.1065955088624,b,mono,67,15_min_feeding,67,67,10.5
33.8783572421875,5.6000000000000005,1.6925723864930506,8.73029377831097,7.03772139181792,0.4447879653136399,10.798873703944679,9.254473567094706,13.5,12.991778720703124,317.1065955088624,b,mono,67,15_min_feeding,67,67,10.5
33.8783572421875,5.6000000000000005,1.6925723864930506,8.73029377831097,7.03772139181792,0.4447879653136399,9.693766526552748,11.748156019659383,14.0,19.18701054687501,317.1065955088624,b,mono,67,15_min_feeding,67,67,10.5
33.8783572421875,5.6000000000000005,1.6925723864930506,8.73029377831097,7.03772139181792,0.4447879653136399,8.683827195319218,7.5956996176172495,14.5,5.680702363281256,317.1065955088624,b,mono,67,15_min_feeding,67,67,10.5
33.8783572421875,5.6000000000000005,1.6925723864930506,8.73029377831097,7.03772139181792,0.4447879653136399,7.764310934050762,9.890017473231445,15.0,9.4262242578125,317.1065955088624,b,mono,67,15_min_feeding,67,67,10.5
33.8783572421875,5.6000000000000005,1.6925723864930506,8.73029377831097,7.03772139181792,0.4447879653136399,6.929929346468969,17.110831832072083,15.5,18.55709072851562,317.1065955088624,b,mono,67,15_min_feeding,67,67,10.5
33.8783572421875,5.6000000000000005,1.6925723864930506,8.73029377831097,7.03772139181792,0.4447879653136399,6.175090607898187,11.614434334060967,16.0,10.568884589843748,317.1065955088624,b,mono,67,15_min_feeding,67,67,10.5
33.8783572421875,5.6000000000000005,1.6925723864930506,8.73029377831097,7.03772139181792,0.4447879653136399,5.494085107046302,9.612559342971394,16.5,12.493535703125001,317.1065955088624,b,mono,67,15_min_feeding,67,67,10.5
33.8783572421875,5.6000000000000005,1.6925723864930506,8.73029377831097,7.03772139181792,0.4447879653136399,4.881226505485338,1.7486511872127792,17.0,-3.8758911523437405,317.1065955088624,b,mono,67,15_min_feeding,67,67,10.5
33.8783572421875,5.6000000000000005,1.6925723864930506,8.73029377831097,7.03772139181792,0.4447879653136399,4.330956619558972,11.33361548326009,17.5,16.399775380859378,317.1065955088624,b,mono,67,15_min_feeding,67,67,10.5
33.8783572421875,5.6000000000000005,1.6925723864930506,8.73029377831097,7.03772139181792,0.4447879653136399,3.8379211676224503,8.140158629171331,18.0,4.99191586914063,317.1065955088624,b,mono,67,15_min_feeding,67,67,10.5
33.8783572421875,5.6000000000000005,1.6925723864930506,8.73029377831097,7.03772139181792,0.4447879653136399,3.397022249896548,5.655633171603622,18.5,-0.01884537109374662,317.1065955088624,b,mono,67,15_min_feeding,67,67,10.5
33.8783572421875,5.6000000000000005,1.6925723864930506,8.73029377831097,7.03772139181792,0.4447879653136399,3.0034524212212763,3.958130365067511,19.0,14.719704121093748,317.1065955088624,b,mono,67,15_min_feeding,67,67,10.5
33.8783572421875,5.6000000000000005,1.6925723864930506,8.73029377831097,7.03772139181792,0.4447879653136399,2.6527143602301475,11.674649043480862,19.5,3.9235985937500004,317.1065955088624,b,mono,67,15_min_feeding,67,67,10.5
33.8783572421875,5.6000000000000005,1.6925723864930506,8.73029377831097,7.03772139181792,0.4447879653136399,2.340629413865497,8.86461346458178,20.0,0.7878626757812519,317.1065955088624,b,mono,67,15_min_feeding,67,67,10.5
33.8783572421875,5.6000000000000005,1.6925723864930506,8.73029377831097,7.03772139181792,0.4447879653136399,2.063337686666134,9.276771031601662,20.5,8.412827041015632,317.1065955088624,b,mono,67,15_min_feeding,67,67,10.5
33.8783572421875,5.6000000000000005,1.6925723864930506,8.73029377831097,7.03772139181792,0.4447879653136399,1.8172918342024158,6.887112141451617,21.0,12.64945443359376,317.1065955088624,b,mono,67,15_min_feeding,67,67,10.5
61.634310475390606,4.400000000963988,1.9068314465055003,8.434926768755696,6.528095322250196,0.6180863741433378,2.1024048002964634e-17,-5.229405846804461,-1.0,-4.730346938476586,556.3407679905234,b,mono,77,15_min_feeding,77,77,10.5
61.634310475390606,4.400000000963988,1.9068314465055003,8.434926768755696,6.528095322250196,0.6180863741433378,2.7565879369617386e-15,-1.5273385315631742,-0.5,-7.068989824218782,556.3407679905234,b,mono,77,15_min_feeding,77,77,10.5
61.634310475390606,4.400000000963988,1.9068314465055003,8.434926768755696,6.528095322250196,0.6180863741433378,3.614326324741276e-13,7.787218105563042,0.0,0.7721946630859122,556.3407679905234,b,mono,77,15_min_feeding,77,77,10.5
61.634310475390606,4.400000000963988,1.9068314465055003,8.434926768755696,6.528095322250196,0.6180863741433378,4.738954487015222e-11,6.903197108147722,0.5,3.505720292968725,556.3407679905234,b,mono,77,15_min_feeding,77,77,10.5
61.634310475390606,4.400000000963988,1.9068314465055003,8.434926768755696,6.528095322250196,0.6180863741433378,6.212813726132038e-09,-3.450627083661807,1.0,-3.3380222509766,556.3407679905234,b,mono,77,15_min_feeding,77,77,10.5
61.634310475390606,4.400000000963988,1.9068314465055003,8.434926768755696,6.528095322250196,0.6180863741433378,8.009909296830497e-07,0.22228822880315136,1.5,5.474820576171851,556.3407679905234,b,mono,77,15_min_feeding,77,77,10.5
61.634310475390606,4.400000000963988,1.9068314465055003,8.434926768755696,6.528095322250196,0.6180863741433378,10.516677878910915,7.996128054796415,2.0,14.422916884765606,556.3407679905234,b,mono,77,15_min_feeding,77,77,10.5
61.634310475390606,4.400000000963988,1.9068314465055003,8.434926768755696,6.528095322250196,0.6180863741433378,40.53886107580215,38.480086702544774,2.5,40.229919609374974,556.3407679905234,b,mono,77,15_min_feeding,77,77,10.5
61.634310475390606,4.400000000963988,1.9068314465055003,8.434926768755696,6.528095322250196,0.6180863741433378,52.3908150224035,46.85954781663702,3.0,58.81464950683591,556.3407679905234,b,mono,77,15_min_feeding,77,77,10.5
61.634310475390606,4.400000000963988,1.9068314465055003,8.434926768755696,6.528095322250196,0.6180863741433378,61.086940731483125,51.503215318187756,4.0,65.50206616210934,556.3407679905234,b,mono,77,15_min_feeding,77,77,10.5
61.634310475390606,4.400000000963988,1.9068314465055003,8.434926768755696,6.528095322250196,0.6180863741433378,61.604478860006076,51.84519689112213,4.5,57.11856765624997,556.3407679905234,b,mono,77,15_min_feeding,77,77,10.5
61.634310475390606,4.400000000963988,1.9068314465055003,8.434926768755696,6.528095322250196,0.6180863741433378,60.688933723952324,55.26167521848521,5.0,54.7179889599609,556.3407679905234,b,mono,77,15_min_feeding,77,77,10.5
61.634310475390606,4.400000000963988,1.9068314465055003,8.434926768755696,6.528095322250196,0.6180863741433378,58.816832409542286,54.02797681950615,5.5,77.04288809423825,556.3407679905234,b,mono,77,15_min_feeding,77,77,10.5
61.634310475390606,4.400000000963988,1.9068314465055003,8.434926768755696,6.528095322250196,0.6180863741433378,56.31791886973966,58.53472094291339,6.0,52.98604339355465,556.3407679905234,b,mono,77,15_min_feeding,77,77,10.5
61.634310475390606,4.400000000963988,1.9068314465055003,8.434926768755696,6.528095322250196,0.6180863741433378,53.42655106322968,36.851435076758435,6.5,48.25308055664059,556.3407679905234,b,mono,77,15_min_feeding,77,77,10.5
61.634310475390606,4.400000000963988,1.9068314465055003,8.434926768755696,6.528095322250196,0.6180863741433378,50.31167479963254,64.14371048167567,7.0,68.32490745605466,556.3407679905234,b,mono,77,15_min_feeding,77,77,10.5
61.634310475390606,4.400000000963988,1.9068314465055003,8.434926768755696,6.528095322250196,0.6180863741433378,47.09574316238167,64.87623964611693,7.5,37.32369787109373,556.3407679905234,b,mono,77,15_min_feeding,77,77,10.5
61.634310475390606,4.400000000963988,1.9068314465055003,8.434926768755696,6.528095322250196,0.6180863741433378,43.86735277345251,51.47775680790089,8.0,39.3391492724609,556.3407679905234,b,mono,77,15_min_feeding,77,77,10.5
61.634310475390606,4.400000000963988,1.9068314465055003,8.434926768755696,6.528095322250196,0.6180863741433378,40.6900390203266,34.652435066768014,8.5,47.88250452636716,556.3407679905234,b,mono,77,15_min_feeding,77,77,10.5
61.634310475390606,4.400000000963988,1.9068314465055003,8.434926768755696,6.528095322250196,0.6180863741433378,37.60858770169059,37.85317588873848,9.0,31.384755600585905,556.3407679905234,b,mono,77,15_min_feeding,77,77,10.5
61.634310475390606,4.400000000963988,1.9068314465055003,8.434926768755696,6.528095322250196,0.6180863741433378,34.65366891674858,40.156265380774954,9.5,43.858350366210914,556.3407679905234,b,mono,77,15_min_feeding,77,77,10.5
61.634310475390606,4.400000000963988,1.9068314465055003,8.434926768755696,6.528095322250196,0.6180863741433378,31.84529777564466,26.827236774268826,10.0,6.329736318359345,556.3407679905234,b,mono,77,15_min_feeding,77,77,10.5
61.634310475390606,4.400000000963988,1.9068314465055003,8.434926768755696,6.528095322250196,0.6180863741433378,29.195452019374837,14.814975339154628,10.5,22.017078164062468,556.3407679905234,b,mono,77,15_min_feeding,77,77,10.5
61.634310475390606,4.400000000963988,1.9068314465055003,8.434926768755696,6.528095322250196,0.6180863741433378,26.710070443267213,16.22183032438688,11.0,25.465743842773414,556.3407679905234,b,mono,77,15_min_feeding,77,77,10.5
61.634310475390606,4.400000000963988,1.9068314465055003,8.434926768755696,6.528095322250196,0.6180863741433378,24.39058861385292,14.055621326876796,11.5,-0.042198232421903015,556.3407679905234,b,mono,77,15_min_feeding,77,77,10.5
61.634310475390606,4.400000000963988,1.9068314465055003,8.434926768755696,6.528095322250196,0.6180863741433378,22.23512401957384,19.12597722657503,12.0,8.039561186523414,556.3407679905234,b,mono,77,15_min_feeding,77,77,10.5
61.634310475390606,4.400000000963988,1.9068314465055003,8.434926768755696,6.528095322250196,0.6180863741433378,20.239392700411468,18.45723004403876,12.5,33.15074827636716,556.3407679905234,b,mono,77,15_min_feeding,77,77,10.5
61.634310475390606,4.400000000963988,1.9068314465055003,8.434926768755696,6.528095322250196,0.6180863741433378,18.397418428730276,18.069073414784228,13.0,0.957492792968722,556.3407679905234,b,mono,77,15_min_feeding,77,77,10.5
61.634310475390606,4.400000000963988,1.9068314465055003,8.434926768755696,6.528095322250196,0.6180863741433378,16.70208055963442,14.745381544951492,13.5,12.691223149414036,556.3407679905234,b,mono,77,15_min_feeding,77,77,10.5
61.634310475390606,4.400000000963988,1.9068314465055003,8.434926768755696,6.528095322250196,0.6180863741433378,15.145535794310705,17.671150875763445,14.0,20.874491210937478,556.3407679905234,b,mono,77,15_min_feeding,77,77,10.5
61.634310475390606,4.400000000963988,1.9068314465055003,8.434926768755696,6.528095322250196,0.6180863741433378,13.719541056121152,11.11615080348406,14.5,17.3202921972656,556.3407679905234,b,mono,77,15_min_feeding,77,77,10.5
61.634310475390606,4.400000000963988,1.9068314465055003,8.434926768755696,6.528095322250196,0.6180863741433378,12.415698642186948,16.24859948610613,15.0,16.242584785156225,556.3407679905234,b,mono,77,15_min_feeding,77,77,10.5
61.634310475390606,4.400000000963988,1.9068314465055003,8.434926768755696,6.528095322250196,0.6180863741433378,11.225640225231285,25.72809129206278,15.5,26.603736809570286,556.3407679905234,b,mono,77,15_min_feeding,77,77,10.5
61.634310475390606,4.400000000963988,1.9068314465055003,8.434926768755696,6.528095322250196,0.6180863741433378,10.141162756190058,18.381734454399165,16.0,20.135015341796844,556.3407679905234,b,mono,77,15_min_feeding,77,77,10.5
61.634310475390606,4.400000000963988,1.9068314465055003,8.434926768755696,6.528095322250196,0.6180863741433378,9.154326586094605,14.722899766256319,16.5,-0.4355930859375263,556.3407679905234,b,mono,77,15_min_feeding,77,77,10.5
61.634310475390606,4.400000000963988,1.9068314465055003,8.434926768755696,6.528095322250196,0.6180863741433378,8.257523991378262,-0.2650819344876396,17.0,12.045300126953109,556.3407679905234,b,mono,77,15_min_feeding,77,77,10.5
61.634310475390606,4.400000000963988,1.9068314465055003,8.434926768755696,6.528095322250196,0.6180863741433378,7.443524608341249,15.925575064026859,17.5,19.003173432617167,556.3407679905234,b,mono,77,15_min_feeding,77,77,10.5
61.634310475390606,4.400000000963988,1.9068314465055003,8.434926768755696,6.528095322250196,0.6180863741433378,6.705502955348811,11.014450430809035,18.0,11.856697192382796,556.3407679905234,b,mono,77,15_min_feeding,77,77,10.5
61.634310475390606,4.400000000963988,1.9068314465055003,8.434926768755696,6.528095322250196,0.6180863741433378,6.037052167125793,6.484095360703783,18.5,10.152388642578103,556.3407679905234,b,mono,77,15_min_feeding,77,77,10.5
61.634310475390606,4.400000000963988,1.9068314465055003,8.434926768755696,6.528095322250196,0.6180863741433378,5.432187224989019,4.51212774843318,19.0,-2.7565842675781482,556.3407679905234,b,mono,77,15_min_feeding,77,77,10.5
61.634310475390606,4.400000000963988,1.9068314465055003,8.434926768755696,6.528095322250196,0.6180863741433378,4.885340294723884,17.925543147825536,19.5,16.593221171874973,556.3407679905234,b,mono,77,15_min_feeding,77,77,10.5
61.634310475390606,4.400000000963988,1.9068314465055003,8.434926768755696,6.528095322250196,0.6180863741433378,4.3913502451111235,13.1007847169479,20.0,0.32452860351559565,556.3407679905234,b,mono,77,15_min_feeding,77,77,10.5
61.634310475390606,4.400000000963988,1.9068314465055003,8.434926768755696,6.528095322250196,0.6180863741433378,3.9454479876566313,15.628549259325233,20.5,13.664951215820288,556.3407679905234,b,mono,77,15_min_feeding,77,77,10.5
61.634310475390606,4.400000000963988,1.9068314465055003,8.434926768755696,6.528095322250196,0.6180863741433378,3.543238930570381,10.373503888627084,21.0,18.05994713867186,556.3407679905234,b,mono,77,15_min_feeding,77,77,10.5
67.48705427751825,4.652626016097245,1.75707652573746,7.952932291789897,6.1958557660524365,0.5326635093372057,2.6335963263358733e-19,-5.431920094932295,-1.0,-0.9383571069336085,573.1978136383681,b,mono,86,15_min_feeding,86,86,10.5
67.48705427751825,4.652626016097245,1.75707652573746,7.952932291789897,6.1958557660524365,0.5326635093372057,3.359120083804765e-17,-0.952294032407714,-0.5,3.7833561230468433,573.1978136383681,b,mono,86,15_min_feeding,86,86,10.5
67.48705427751825,4.652626016097245,1.75707652573746,7.952932291789897,6.1958557660524365,0.5326635093372057,4.2845167135727245e-15,7.347283252140109,0.0,11.970592014160133,573.1978136383681,b,mono,86,15_min_feeding,86,86,10.5
67.48705427751825,4.652626016097245,1.75707652573746,7.952932291789897,6.1958557660524365,0.5326635093372057,5.46483011336924e-13,5.945884670780778,0.5,-1.2377947949218964,573.1978136383681,b,mono,86,15_min_feeding,86,86,10.5
67.48705427751825,4.652626016097245,1.75707652573746,7.952932291789897,6.1958557660524365,0.5326635093372057,6.966758590918453e-11,-4.909808297630605,1.0,7.517126174316381,573.1978136383681,b,mono,86,15_min_feeding,86,86,10.5
67.48705427751825,4.652626016097245,1.75707652573746,7.952932291789897,6.1958557660524365,0.5326635093372057,8.258973309659929e-09,-0.13858803046419865,1.5,11.850755903320298,573.1978136383681,b,mono,86,15_min_feeding,86,86,10.5
67.48705427751825,4.652626016097245,1.75707652573746,7.952932291789897,6.1958557660524365,0.5326635093372057,15.752459079765417,9.381266330142026,2.0,21.14391231933591,573.1978136383681,b,mono,86,15_min_feeding,86,86,10.5
67.48705427751825,4.652626016097245,1.75707652573746,7.952932291789897,6.1958557660524365,0.5326635093372057,39.25545017019947,43.27718764225589,2.5,39.47948972656249,573.1978136383681,b,mono,86,15_min_feeding,86,86,10.5
67.48705427751825,4.652626016097245,1.75707652573746,7.952932291789897,6.1958557660524365,0.5326635093372057,53.02120800887778,52.12798804597476,3.0,54.01028240478514,573.1978136383681,b,mono,86,15_min_feeding,86,86,10.5
67.48705427751825,4.652626016097245,1.75707652573746,7.952932291789897,6.1958557660524365,0.5326635093372057,65.7336063904727,58.526738910988925,4.0,66.42078381347653,573.1978136383681,b,mono,86,15_min_feeding,86,86,10.5
67.48705427751825,4.652626016097245,1.75707652573746,7.952932291789897,6.1958557660524365,0.5326635093372057,67.4018433240473,59.454375132639356,4.5,73.00841335937497,573.1978136383681,b,mono,86,15_min_feeding,86,86,10.5
67.48705427751825,4.652626016097245,1.75707652573746,7.952932291789897,6.1958557660524365,0.5326635093372057,67.09339781159082,63.494608867437194,5.0,67.13364002197262,573.1978136383681,b,mono,86,15_min_feeding,86,86,10.5
67.48705427751825,4.652626016097245,1.75707652573746,7.952932291789897,6.1958557660524365,0.5326635093372057,65.39137902535232,56.64567638282006,5.5,72.28642599096678,573.1978136383681,b,mono,86,15_min_feeding,86,86,10.5
67.48705427751825,4.652626016097245,1.75707652573746,7.952932291789897,6.1958557660524365,0.5326635093372057,62.73360874972636,66.83019097098523,6.0,59.15678112548825,573.1978136383681,b,mono,86,15_min_feeding,86,86,10.5
67.48705427751825,4.652626016097245,1.75707652573746,7.952932291789897,6.1958557660524365,0.5326635093372057,59.44995911318782,41.693938883147425,6.5,69.35294688964842,573.1978136383681,b,mono,86,15_min_feeding,86,86,10.5
67.48705427751825,4.652626016097245,1.75707652573746,7.952932291789897,6.1958557660524365,0.5326635093372057,55.788486330658884,69.0520043977237,7.0,52.48864596923826,573.1978136383681,b,mono,86,15_min_feeding,86,86,10.5
67.48705427751825,4.652626016097245,1.75707652573746,7.952932291789897,6.1958557660524365,0.5326635093372057,51.93454558882015,70.51589708459416,7.5,65.69077750976561,573.1978136383681,b,mono,86,15_min_feeding,86,86,10.5
67.48705427751825,4.652626016097245,1.75707652573746,7.952932291789897,6.1958557660524365,0.5326635093372057,48.025162182581354,59.46277184950435,8.0,45.89305424072263,573.1978136383681,b,mono,86,15_min_feeding,86,86,10.5
67.48705427751825,4.652626016097245,1.75707652573746,7.952932291789897,6.1958557660524365,0.5326635093372057,44.16002773285771,37.692245783560985,8.5,45.48374391845701,573.1978136383681,b,mono,86,15_min_feeding,86,86,10.5
67.48705427751825,4.652626016097245,1.75707652573746,7.952932291789897,6.1958557660524365,0.5326635093372057,40.410009668094915,44.88480420356825,9.0,34.63191467041014,573.1978136383681,b,mono,86,15_min_feeding,86,86,10.5
67.48705427751825,4.652626016097245,1.75707652573746,7.952932291789897,6.1958557660524365,0.5326635093372057,36.82378351929382,43.08786291339336,9.5,47.83546900634764,573.1978136383681,b,mono,86,15_min_feeding,86,86,10.5
67.48705427751825,4.652626016097245,1.75707652573746,7.952932291789897,6.1958557660524365,0.5326635093372057,33.433024072028125,30.37118108061957,10.0,29.756380922851534,573.1978136383681,b,mono,86,15_min_feeding,86,86,10.5
67.48705427751825,4.652626016097245,1.75707652573746,7.952932291789897,6.1958557660524365,0.5326635093372057,30.256477003295757,16.925119495007387,10.5,20.48719271484373,573.1978136383681,b,mono,86,15_min_feeding,86,86,10.5
67.48705427751825,4.652626016097245,1.75707652573746,7.952932291789897,6.1958557660524365,0.5326635093372057,27.30315366929369,14.407534438794059,11.0,20.94806843994139,573.1978136383681,b,mono,86,15_min_feeding,86,86,10.5
67.48705427751825,4.652626016097245,1.75707652573746,7.952932291789897,6.1958557660524365,0.5326635093372057,24.574835229030956,14.010481965524363,11.5,11.106645737304675,573.1978136383681,b,mono,86,15_min_feeding,86,86,10.5
67.48705427751825,4.652626016097245,1.75707652573746,7.952932291789897,6.1958557660524365,0.5326635093372057,22.06803074048607,18.165191191700075,12.0,29.19615258056639,573.1978136383681,b,mono,86,15_min_feeding,86,86,10.5
67.48705427751825,4.652626016097245,1.75707652573746,7.952932291789897,6.1958557660524365,0.5326635093372057,19.775502629256412,16.74855143579373,12.5,11.001734543457015,573.1978136383681,b,mono,86,15_min_feeding,86,86,10.5
67.48705427751825,4.652626016097245,1.75707652573746,7.952932291789897,6.1958557660524365,0.5326635093372057,17.687449044551972,17.894881092824427,13.0,2.8485339550781106,573.1978136383681,b,mono,86,15_min_feeding,86,86,10.5
67.48705427751825,4.652626016097245,1.75707652573746,7.952932291789897,6.1958557660524365,0.5326635093372057,15.792414112646,14.607369766507283,13.5,15.836198454589827,573.1978136383681,b,mono,86,15_min_feeding,86,86,10.5
67.48705427751825,4.652626016097245,1.75707652573746,7.952932291789897,6.1958557660524365,0.5326635093372057,14.07798261527927,16.71980687922437,14.0,20.620293847656235,573.1978136383681,b,mono,86,15_min_feeding,86,86,10.5
67.48705427751825,4.652626016097245,1.75707652573746,7.952932291789897,6.1958557660524365,0.5326635093372057,12.531304196623662,10.271449096641078,14.5,6.5884790380859215,573.1978136383681,b,mono,86,15_min_feeding,86,86,10.5
67.48705427751825,4.652626016097245,1.75707652573746,7.952932291789897,6.1958557660524365,0.5326635093372057,11.139483136858093,16.464907696747296,15.0,17.58878834960936,573.1978136383681,b,mono,86,15_min_feeding,86,86,10.5
67.48705427751825,4.652626016097245,1.75707652573746,7.952932291789897,6.1958557660524365,0.5326635093372057,9.889862503361702,24.33619074050077,15.5,16.6792766166992,573.1978136383681,b,mono,86,15_min_feeding,86,86,10.5
67.48705427751825,4.652626016097245,1.75707652573746,7.952932291789897,6.1958557660524365,0.5326635093372057,8.770225709431347,18.117103400177683,16.0,11.280360239257796,573.1978136383681,b,mono,86,15_min_feeding,86,86,10.5
67.48705427751825,4.652626016097245,1.75707652573746,7.952932291789897,6.1958557660524365,0.5326635093372057,7.76893387456558,14.13996609209886,16.5,12.75448083984373,573.1978136383681,b,mono,86,15_min_feeding,86,86,10.5
67.48705427751825,4.652626016097245,1.75707652573746,7.952932291789897,6.1958557660524365,0.5326635093372057,6.875013656614555,-2.554385779714039,17.0,2.2123485888671794,573.1978136383681,b,mono,86,15_min_feeding,86,86,10.5
67.48705427751825,4.652626016097245,1.75707652573746,7.952932291789897,6.1958557660524365,0.5326635093372057,6.078207232005936,14.17592978864775,17.5,6.210224152832012,573.1978136383681,b,mono,86,15_min_feeding,86,86,10.5
67.48705427751825,4.652626016097245,1.75707652573746,7.952932291789897,6.1958557660524365,0.5326635093372057,5.368993691845734,9.443204170081842,18.0,5.680079284667954,573.1978136383681,b,mono,86,15_min_feeding,86,86,10.5
67.48705427751825,4.652626016097245,1.75707652573746,7.952932291789897,6.1958557660524365,0.5326635093372057,4.738589184617354,4.525678351608832,18.5,11.017418549804667,573.1978136383681,b,mono,86,15_min_feeding,86,86,10.5
67.48705427751825,4.652626016097245,1.75707652573746,7.952932291789897,6.1958557660524365,0.5326635093372057,4.178931579168432,3.1219425678116224,19.0,-6.065609487304709,573.1978136383681,b,mono,86,15_min_feeding,86,86,10.5
67.48705427751825,4.652626016097245,1.75707652573746,7.952932291789897,6.1958557660524365,0.5326635093372057,3.682654171480593,17.250702759886636,19.5,13.89121082031248,573.1978136383681,b,mono,86,15_min_feeding,86,86,10.5
67.48705427751825,4.652626016097245,1.75707652573746,7.952932291789897,6.1958557660524365,0.5326635093372057,3.243051956462132,12.209815188808008,20.0,8.763870522460913,573.1978136383681,b,mono,86,15_min_feeding,86,86,10.5
67.48705427751825,4.652626016097245,1.75707652573746,7.952932291789897,6.1958557660524365,0.5326635093372057,2.854043184168702,16.118602633643853,20.5,-12.0798288989258,573.1978136383681,b,mono,86,15_min_feeding,86,86,10.5
67.48705427751825,4.652626016097245,1.75707652573746,7.952932291789897,6.1958557660524365,0.5326635093372057,2.5101282800212976,9.825684669953453,21.0,2.0007644970703,573.1978136383681,b,mono,86,15_min_feeding,86,86,10.5
15.550311357656897,7.600000000746794,0.0,10.850562508640625,10.850562508640625,0.2995754833268147,3.6126403966940114e-28,-1.7695370258416467,-1.0,5.025199685058606,200.72629027372662,b,mono,90,15_min_feeding,90,90,10.5
15.550311357656897,7.600000000746794,0.0,10.850562508640625,10.850562508640625,0.2995754833268147,4.5666470584226176e-26,-0.9595068717226347,-0.5,-1.7495201855468672,200.72629027372662,b,mono,90,15_min_feeding,90,90,10.5
15.550311357656897,7.600000000746794,0.0,10.850562508640625,10.850562508640625,0.2995754833268147,2.9251849266168268e-24,3.158500080194191,0.0,2.5940224389648527,200.72629027372662,b,mono,90,15_min_feeding,90,90,10.5
15.550311357656897,7.600000000746794,0.0,10.850562508640625,10.850562508640625,0.2995754833268147,0.23670495775282588,3.1972635592280625,0.5,2.289421357421883,200.72629027372662,b,mono,90,15_min_feeding,90,90,10.5
15.550311357656897,7.600000000746794,0.0,10.850562508640625,10.850562508640625,0.2995754833268147,1.0330619179864449,-0.2391466437761025,1.0,2.599641403808601,200.72629027372662,b,mono,90,15_min_feeding,90,90,10.5
15.550311357656897,7.600000000746794,0.0,10.850562508640625,10.850562508640625,0.2995754833268147,2.2858848030299086,0.335697385782904,1.5,-0.8669269970702977,200.72629027372662,b,mono,90,15_min_feeding,90,90,10.5
15.550311357656897,7.600000000746794,0.0,10.850562508640625,10.850562508640625,0.2995754833268147,3.84030192720237,1.9573787122646173,2.0,1.1138618994140757,200.72629027372662,b,mono,90,15_min_feeding,90,90,10.5
15.550311357656897,7.600000000746794,0.0,10.850562508640625,10.850562508640625,0.2995754833268147,5.548090278417486,10.720894180093694,2.5,15.285341523437516,200.72629027372662,b,mono,90,15_min_feeding,90,90,10.5
15.550311357656897,7.600000000746794,0.0,10.850562508640625,10.850562508640625,0.2995754833268147,7.285691906488295,13.456397983332483,3.0,16.932844548339858,200.72629027372662,b,mono,90,15_min_feeding,90,90,10.5
15.550311357656897,7.600000000746794,0.0,10.850562508640625,10.850562508640625,0.2995754833268147,10.49491019139038,13.92662700287697,4.0,14.67819821777345,200.72629027372662,b,mono,90,15_min_feeding,90,90,10.5
15.550311357656897,7.600000000746794,0.0,10.850562508640625,10.850562508640625,0.2995754833268147,11.851498327233974,13.64177664948717,4.5,18.91717414062501,200.72629027372662,b,mono,90,15_min_feeding,90,90,10.5
15.550311357656897,7.600000000746794,0.0,10.850562508640625,10.850562508640625,0.2995754833268147,13.000315770860693,14.454992341482036,5.0,17.033230681152357,200.72629027372662,b,mono,90,15_min_feeding,90,90,10.5
15.550311357656897,7.600000000746794,0.0,10.850562508640625,10.850562508640625,0.2995754833268147,13.929302809630341,17.934320382237527,5.5,10.751622719970712,200.72629027372662,b,mono,90,15_min_feeding,90,90,10.5
15.550311357656897,7.600000000746794,0.0,10.850562508640625,10.850562508640625,0.2995754833268147,14.637880944048845,15.608588255095846,6.0,15.374984890136727,200.72629027372662,b,mono,90,15_min_feeding,90,90,10.5
15.550311357656897,7.600000000746794,0.0,10.850562508640625,10.850562508640625,0.2995754833268147,15.133905521447192,10.093306200758732,6.5,2.4974335791015747,200.72629027372662,b,mono,90,15_min_feeding,90,90,10.5
15.550311357656897,7.600000000746794,0.0,10.850562508640625,10.850562508640625,0.2995754833268147,15.431127689998291,20.031527194193842,7.0,16.308395046386725,200.72629027372662,b,mono,90,15_min_feeding,90,90,10.5
15.550311357656897,7.600000000746794,0.0,10.850562508640625,10.850562508640625,0.2995754833268147,15.547136507010439,19.78755418641261,7.5,11.067842802734386,200.72629027372662,b,mono,90,15_min_feeding,90,90,10.5
15.550311357656897,7.600000000746794,0.0,10.850562508640625,10.850562508640625,0.2995754833268147,15.501730704227466,13.244272058870536,8.0,16.58109146240235,200.72629027372662,b,mono,90,15_min_feeding,90,90,10.5
15.550311357656897,7.600000000746794,0.0,10.850562508640625,10.850562508640625,0.2995754833268147,15.315661903655167,10.550731270202029,8.5,-7.527668527832024,200.72629027372662,b,mono,90,15_min_feeding,90,90,10.5
15.550311357656897,7.600000000746794,0.0,10.850562508640625,10.850562508640625,0.2995754833268147,15.0096908612323,8.927389408717605,9.0,14.141424782714857,200.72629027372662,b,mono,90,15_min_feeding,90,90,10.5
15.550311357656897,7.600000000746794,0.0,10.850562508640625,10.850562508640625,0.2995754833268147,14.603902056467723,12.639934520415832,9.5,19.437889196777355,200.72629027372662,b,mono,90,15_min_feeding,90,90,10.5
15.550311357656897,7.600000000746794,0.0,10.850562508640625,10.850562508640625,0.2995754833268147,14.11722757742827,7.335163755166626,10.0,14.312788608398446,200.72629027372662,b,mono,90,15_min_feeding,90,90,10.5
15.550311357656897,7.600000000746794,0.0,10.850562508640625,10.850562508640625,0.2995754833268147,13.56713756608858,3.944400590432938,10.5,0.9416541601562649,200.72629027372662,b,mono,90,15_min_feeding,90,90,10.5
15.550311357656897,7.600000000746794,0.0,10.850562508640625,10.850562508640625,0.2995754833268147,12.9694607981868,7.206165115285909,11.0,4.217811638183601,200.72629027372662,b,mono,90,15_min_feeding,90,90,10.5
15.550311357656897,7.600000000746794,0.0,10.850562508640625,10.850562508640625,0.2995754833268147,12.338304896071865,5.175300613722413,11.5,6.683137856445324,200.72629027372662,b,mono,90,15_min_feeding,90,90,10.5
15.550311357656897,7.600000000746794,0.0,10.850562508640625,10.850562508640625,0.2995754833268147,11.686051024561309,7.671128201053634,12.0,0.39823999755860484,200.72629027372662,b,mono,90,15_min_feeding,90,90,10.5
15.550311357656897,7.600000000746794,0.0,10.850562508640625,10.850562508640625,0.2995754833268147,11.02340262557963,7.950004725547075,12.5,7.132340847167978,200.72629027372662,b,mono,90,15_min_feeding,90,90,10.5
15.550311357656897,7.600000000746794,0.0,10.850562508640625,10.850562508640625,0.2995754833268147,10.359471802464132,6.733869820233892,13.0,11.922292607421884,200.72629027372662,b,mono,90,15_min_feeding,90,90,10.5
15.550311357656897,7.600000000746794,0.0,10.850562508640625,10.850562508640625,0.2995754833268147,9.701890403138501,5.492644548137157,13.5,6.547162092285163,200.72629027372662,b,mono,90,15_min_feeding,90,90,10.5
15.550311357656897,7.600000000746794,0.0,10.850562508640625,10.850562508640625,0.2995754833268147,9.056935726896299,7.132302831209056,14.0,10.47920927734376,200.72629027372662,b,mono,90,15_min_feeding,90,90,10.5
15.550311357656897,7.600000000746794,0.0,10.850562508640625,10.850562508640625,0.2995754833268147,8.42966315505258,4.6596520509551596,14.5,4.042170180664073,200.72629027372662,b,mono,90,15_min_feeding,90,90,10.5
15.550311357656897,7.600000000746794,0.0,10.850562508640625,10.850562508640625,0.2995754833268147,7.824039945653474,5.794540435778988,15.0,8.561678837890632,200.72629027372662,b,mono,90,15_min_feeding,90,90,10.5
15.550311357656897,7.600000000746794,0.0,10.850562508640625,10.850562508640625,0.2995754833268147,7.243075998795658,10.388144305863669,15.5,14.201561117675787,200.72629027372662,b,mono,90,15_min_feeding,90,90,10.5
15.550311357656897,7.600000000746794,0.0,10.850562508640625,10.850562508640625,0.2995754833268147,6.688948649214547,6.911556807285123,16.0,11.469987416992197,200.72629027372662,b,mono,90,15_min_feeding,90,90,10.5
15.550311357656897,7.600000000746794,0.0,10.850562508640625,10.850562508640625,0.2995754833268147,6.163119528176625,5.795864257153621,16.5,10.354366035156257,200.72629027372662,b,mono,90,15_min_feeding,90,90,10.5
15.550311357656897,7.600000000746794,0.0,10.850562508640625,10.850562508640625,0.2995754833268147,5.666442302749345,1.5072981088530462,17.0,-0.9898337451171741,200.72629027372662,b,mono,90,15_min_feeding,90,90,10.5
15.550311357656897,7.600000000746794,0.0,10.850562508640625,10.850562508640625,0.2995754833268147,5.199260686579265,7.052531437200617,17.5,3.4590387377929765,200.72629027372662,b,mono,90,15_min_feeding,90,90,10.5
15.550311357656897,7.600000000746794,0.0,10.850562508640625,10.850562508640625,0.2995754833268147,4.761496556080122,5.131026521561296,18.0,9.28350782470704,200.72629027372662,b,mono,90,15_min_feeding,90,90,10.5
15.550311357656897,7.600000000746794,0.0,10.850562508640625,10.850562508640625,0.2995754833268147,4.352728327946675,3.7447150716283915,18.5,-0.622584956054677,200.72629027372662,b,mono,90,15_min_feeding,90,90,10.5
15.550311357656897,7.600000000746794,0.0,10.850562508640625,10.850562508640625,0.2995754833268147,3.972259982094243,2.625553636915061,19.0,-2.4432741064453047,200.72629027372662,b,mono,90,15_min_feeding,90,90,10.5
15.550311357656897,7.600000000746794,0.0,10.850562508640625,10.850562508640625,0.2995754833268147,3.61918126836657,7.031814797601616,19.5,11.73299542968751,200.72629027372662,b,mono,90,15_min_feeding,90,90,10.5
15.550311357656897,7.600000000746794,0.0,10.850562508640625,10.850562508640625,0.2995754833268147,3.292419732051741,5.418073724247215,20.0,6.780666196289069,200.72629027372662,b,mono,90,15_min_feeding,90,90,10.5
15.550311357656897,7.600000000746794,0.0,10.850562508640625,10.850562508640625,0.2995754833268147,2.9907852458037847,5.376087904248283,20.5,4.249994133300792,200.72629027372662,b,mono,90,15_min_feeding,90,90,10.5
15.550311357656897,7.600000000746794,0.0,10.850562508640625,10.850562508640625,0.2995754833268147,2.7130077548575007,4.180154172064583,21.0,-0.2434605908203018,200.72629027372662,b,mono,90,15_min_feeding,90,90,10.5
18.007559251953136,5.600000000043756,1.6535968600009643,8.459651486184667,6.806054626183703,0.42016287602798413,1.2891418642800753e-24,-1.5385204652094657,-1.0,-3.838844440917949,160.92368723402177,b,mono,92,15_min_feeding,92,92,10.5
18.007559251953136,5.600000000043756,1.6535968600009643,8.459651486184667,6.806054626183703,0.42016287602798413,1.6063429052484228e-22,-0.9101586876750609,-0.5,1.642423740234392,160.92368723402177,b,mono,92,15_min_feeding,92,92,10.5
18.007559251953136,5.600000000043756,1.6535968600009643,8.459651486184667,6.806054626183703,0.42016287602798413,2.001593023327604e-20,2.836148359015418,0.0,3.3637074145507952,160.92368723402177,b,mono,92,15_min_feeding,92,92,10.5
18.007559251953136,5.600000000043756,1.6535968600009643,8.459651486184667,6.806054626183703,0.42016287602798413,2.4940727120172055e-18,2.927824544005592,0.5,4.356557900390637,160.92368723402177,b,mono,92,15_min_feeding,92,92,10.5
18.007559251953136,5.600000000043756,1.6535968600009643,8.459651486184667,6.806054626183703,0.42016287602798413,3.103283776695372e-16,-0.0485707666658719,1.0,1.4711819653320433,160.92368723402177,b,mono,92,15_min_feeding,92,92,10.5
18.007559251953136,5.600000000043756,1.6535968600009643,8.459651486184667,6.806054626183703,0.42016287602798413,3.186572880506491e-14,0.3366424561306083,1.5,-7.441025795898417,160.92368723402177,b,mono,92,15_min_feeding,92,92,10.5
18.007559251953136,5.600000000043756,1.6535968600009643,8.459651486184667,6.806054626183703,0.42016287602798413,2.1410819478756027,1.5735905271752593,2.0,6.2206306591797045,160.92368723402177,b,mono,92,15_min_feeding,92,92,10.5
18.007559251953136,5.600000000043756,1.6535968600009643,8.459651486184667,6.806054626183703,0.42016287602798413,6.359725523348782,8.927134068769703,2.5,6.776146132812521,160.92368723402177,b,mono,92,15_min_feeding,92,92,10.5
18.007559251953136,5.600000000043756,1.6535968600009643,8.459651486184667,6.806054626183703,0.42016287602798413,10.134572785367846,11.288470096991514,3.0,7.055454367675797,160.92368723402177,b,mono,92,15_min_feeding,92,92,10.5
18.007559251953136,5.600000000043756,1.6535968600009643,8.459651486184667,6.806054626183703,0.42016287602798413,15.375788760987138,11.50841713853572,4.0,7.986117504882834,160.92368723402177,b,mono,92,15_min_feeding,92,92,10.5
18.007559251953136,5.600000000043756,1.6535968600009643,8.459651486184667,6.806054626183703,0.42016287602798413,16.85304666747152,11.192019572480074,4.5,-0.7307482031249819,160.92368723402177,b,mono,92,15_min_feeding,92,92,10.5
18.007559251953136,5.600000000043756,1.6535968600009643,8.459651486184667,6.806054626183703,0.42016287602798413,17.69027483032643,11.840277384483446,5.0,10.147754953613294,160.92368723402177,b,mono,92,15_min_feeding,92,92,10.5
18.007559251953136,5.600000000043756,1.6535968600009643,8.459651486184667,6.806054626183703,0.42016287602798413,17.999445389594758,15.534060154377844,5.5,18.918241407958995,160.92368723402177,b,mono,92,15_min_feeding,92,92,10.5
18.007559251953136,5.600000000043756,1.6535968600009643,8.459651486184667,6.806054626183703,0.42016287602798413,17.888322069161408,12.85121557679464,6.0,13.918174846191423,160.92368723402177,b,mono,92,15_min_feeding,92,92,10.5
18.007559251953136,5.600000000043756,1.6535968600009643,8.459651486184667,6.806054626183703,0.42016287602798413,17.4540287774166,8.368332963010065,6.5,5.470991010742207,160.92368723402177,b,mono,92,15_min_feeding,92,92,10.5
18.007559251953136,5.600000000043756,1.6535968600009643,8.459651486184667,6.806054626183703,0.42016287602798413,16.780630261634624,17.1300974687547,7.0,22.509449064941418,160.92368723402177,b,mono,92,15_min_feeding,92,92,10.5
18.007559251953136,5.600000000043756,1.6535968600009643,8.459651486184667,6.806054626183703,0.42016287602798413,15.938809686343644,16.83358229772151,7.5,20.61431192382814,160.92368723402177,b,mono,92,15_min_feeding,92,92,10.5
18.007559251953136,5.600000000043756,1.6535968600009643,8.459651486184667,6.806054626183703,0.42016287602798413,14.986621853996931,10.799528215251115,8.0,15.736296047363297,160.92368723402177,b,mono,92,15_min_feeding,92,92,10.5
18.007559251953136,5.600000000043756,1.6535968600009643,8.459651486184667,6.806054626183703,0.42016287602798413,13.970755637886935,8.972198029502891,8.5,11.038320061035169,160.92368723402177,b,mono,92,15_min_feeding,92,92,10.5
18.007559251953136,5.600000000043756,1.6535968600009643,8.459651486184667,6.806054626183703,0.42016287602798413,12.927986589980426,7.096397526713339,9.0,10.940870695800797,160.92368723402177,b,mono,92,15_min_feeding,92,92,10.5
18.007559251953136,5.600000000043756,1.6535968600009643,8.459651486184667,6.806054626183703,0.42016287602798413,11.886641374600112,10.82764493700466,9.5,9.538784875488293,160.92368723402177,b,mono,92,15_min_feeding,92,92,10.5
18.007559251953136,5.600000000043756,1.6535968600009643,8.459651486184667,6.806054626183703,0.42016287602798413,10.867977931650177,6.078913318949898,10.0,5.939108051757827,160.92368723402177,b,mono,92,15_min_feeding,92,92,10.5
18.007559251953136,5.600000000043756,1.6535968600009643,8.459651486184667,6.806054626183703,0.42016287602798413,9.887434012275808,3.2463186790830534,10.5,6.87279982421877,160.92368723402177,b,mono,92,15_min_feeding,92,92,10.5
18.007559251953136,5.600000000043756,1.6535968600009643,8.459651486184667,6.806054626183703,0.42016287602798413,8.955725601039427,6.560310548371188,11.0,7.912528293457044,160.92368723402177,b,mono,92,15_min_feeding,92,92,10.5
18.007559251953136,5.600000000043756,1.6535968600009643,8.459651486184667,6.806054626183703,0.42016287602798413,8.079793564736045,4.571833388041057,11.5,-1.8227310009765496,160.92368723402177,b,mono,92,15_min_feeding,92,92,10.5
18.007559251953136,5.600000000043756,1.6535968600009643,8.459651486184667,6.806054626183703,0.42016287602798413,7.263606296109545,6.875762468160701,12.0,12.084443996582046,160.92368723402177,b,mono,92,15_min_feeding,92,92,10.5
18.007559251953136,5.600000000043756,1.6535968600009643,8.459651486184667,6.806054626183703,0.42016287602798413,6.50883098710732,7.204911180541647,12.5,5.784073186035169,160.92368723402177,b,mono,92,15_min_feeding,92,92,10.5
18.007559251953136,5.600000000043756,1.6535968600009643,8.459651486184667,6.806054626183703,0.42016287602798413,5.815388235853094,5.9613858754516755,13.0,3.4286816503906365,160.92368723402177,b,mono,92,15_min_feeding,92,92,10.5
18.007559251953136,5.600000000043756,1.6535968600009643,8.459651486184667,6.806054626183703,0.42016287602798413,5.1819050767461405,4.862161210212676,13.5,6.175974929199231,160.92368723402177,b,mono,92,15_min_feeding,92,92,10.5
18.007559251953136,5.600000000043756,1.6535968600009643,8.459651486184667,6.806054626183703,0.42016287602798413,4.606080929884642,6.399276506368267,14.0,0.25281298828126353,160.92368723402177,b,mono,92,15_min_feeding,92,92,10.5
18.007559251953136,5.600000000043756,1.6535968600009643,8.459651486184667,6.806054626183703,0.42016287602798413,4.084979842258424,4.205665951579743,14.5,2.165654252929702,160.92368723402177,b,mono,92,15_min_feeding,92,92,10.5
18.007559251953136,5.600000000043756,1.6535968600009643,8.459651486184667,6.806054626183703,0.42016287602798413,3.615261020995444,5.089181937420502,15.0,5.558722373046891,160.92368723402177,b,mono,92,15_min_feeding,92,92,10.5
18.007559251953136,5.600000000043756,1.6535968600009643,8.459651486184667,6.806054626183703,0.42016287602798413,3.1933582131383624,9.321034826923878,15.5,9.584222364746104,160.92368723402177,b,mono,92,15_min_feeding,92,92,10.5
18.007559251953136,5.600000000043756,1.6535968600009643,8.459651486184667,6.806054626183703,0.42016287602798413,2.8156170719432043,6.1282158706665975,16.0,6.658938383789074,160.92368723402177,b,mono,92,15_min_feeding,92,92,10.5
18.007559251953136,5.600000000043756,1.6535968600009643,8.459651486184667,6.806054626183703,0.42016287602798413,2.4783983262065905,5.179133829711088,16.5,5.551820449218763,160.92368723402177,b,mono,92,15_min_feeding,92,92,10.5
18.007559251953136,5.600000000043756,1.6535968600009643,8.459651486184667,6.806054626183703,0.42016287602798413,2.1781533671324667,1.5846336317245395,17.0,-5.017239243164045,160.92368723402177,b,mono,92,15_min_feeding,92,92,10.5
18.007559251953136,5.600000000043756,1.6535968600009643,8.459651486184667,6.806054626183703,0.42016287602798413,1.911477798703193,6.4175688667033235,17.5,7.426366232910166,160.92368723402177,b,mono,92,15_min_feeding,92,92,10.5
18.007559251953136,5.600000000043756,1.6535968600009643,8.459651486184667,6.806054626183703,0.42016287602798413,1.6751475629111698,4.702295398876849,18.0,9.158290954589859,160.92368723402177,b,mono,92,15_min_feeding,92,92,10.5
18.007559251953136,5.600000000043756,1.6535968600009643,8.459651486184667,6.806054626183703,0.42016287602798413,1.4661414442190766,3.5220807157333702,18.5,5.001353061523453,160.92368723402177,b,mono,92,15_min_feeding,92,92,10.5
18.007559251953136,5.600000000043756,1.6535968600009643,8.459651486184667,6.806054626183703,0.42016287602798413,1.281653068195145,2.471457171044481,19.0,4.047452250976576,160.92368723402177,b,mono,92,15_min_feeding,92,92,10.5
18.007559251953136,5.600000000043756,1.6535968600009643,8.459651486184667,6.806054626183703,0.42016287602798413,1.1190949256128773,6.279894634357596,19.5,6.722601601562513,160.92368723402177,b,mono,92,15_min_feeding,92,92,10.5
18.007559251953136,5.600000000043756,1.6535968600009643,8.459651486184667,6.806054626183703,0.42016287602798413,0.9760964631282298,4.880005350073468,20.0,7.587296674804698,160.92368723402177,b,mono,92,15_min_feeding,92,92,10.5
18.007559251953136,5.600000000043756,1.6535968600009643,8.459651486184667,6.806054626183703,0.42016287602798413,0.850497872963994,4.689547840823533,20.5,5.97338378662111,160.92368723402177,b,mono,92,15_min_feeding,92,92,10.5
18.007559251953136,5.600000000043756,1.6535968600009643,8.459651486184667,6.806054626183703,0.42016287602798413,0.7403408756025494,3.7495977694454936,21.0,5.586167172851582,160.92368723402177,b,mono,92,15_min_feeding,92,92,10.5
31.050154122639057,6.0,1.1183312201859321,8.470984465337958,7.352653245152026,0.3360670472209746,2.5484228753405534e-28,-2.5826385593695704,-1.0,-5.579958176269525,281.86769971893403,b,mono,102,15_min_feeding,102,102,10.5
31.050154122639057,6.0,1.1183312201859321,8.470984465337958,7.352653245152026,0.3360670472209746,3.0893351580880855e-26,-0.8893075362628728,-0.5,-3.886742646484368,281.86769971893403,b,mono,102,15_min_feeding,102,102,10.5
31.050154122639057,6.0,1.1183312201859321,8.470984465337958,7.352653245152026,0.3360670472209746,3.7450067227374486e-24,4.00059277024522,0.0,-0.8466178442382777,281.86769971893403,b,mono,102,15_min_feeding,102,102,10.5
31.050154122639057,6.0,1.1183312201859321,8.470984465337958,7.352653245152026,0.3360670472209746,4.530612658621478e-22,3.6665035981199594,0.5,0.1790172558593781,281.86769971893403,b,mono,102,15_min_feeding,102,102,10.5
31.050154122639057,6.0,1.1183312201859321,8.470984465337958,7.352653245152026,0.3360670472209746,4.2132310394806207e-20,-1.4236892766889468,1.0,-9.932182082519526,281.86769971893403,b,mono,102,15_min_feeding,102,102,10.5
31.050154122639057,6.0,1.1183312201859321,8.470984465337958,7.352653245152026,0.3360670472209746,1.221153819096103,0.1870682793250502,1.5,-3.3749450634765523,281.86769971893403,b,mono,102,15_min_feeding,102,102,10.5
31.050154122639057,6.0,1.1183312201859321,8.470984465337958,7.352653245152026,0.3360670472209746,5.328959834428377,3.7188454973415013,2.0,-4.65848448730468,281.86769971893403,b,mono,102,15_min_feeding,102,102,10.5
31.050154122639057,6.0,1.1183312201859321,8.470984465337958,7.352653245152026,0.3360670472209746,10.574588332774423,18.29575911334927,2.5,15.267446992187509,281.86769971893403,b,mono,102,15_min_feeding,102,102,10.5
31.050154122639057,6.0,1.1183312201859321,8.470984465337958,7.352653245152026,0.3360670472209746,15.899742626874117,22.40150187100759,3.0,33.09689645263673,281.86769971893403,b,mono,102,15_min_feeding,102,102,10.5
31.050154122639057,6.0,1.1183312201859321,8.470984465337958,7.352653245152026,0.3360670472209746,24.621647933789486,24.36034960508227,4.0,26.616521948242195,281.86769971893403,b,mono,102,15_min_feeding,102,102,10.5
31.050154122639057,6.0,1.1183312201859321,8.470984465337958,7.352653245152026,0.3360670472209746,27.587769060724582,24.40793068091008,4.5,26.529106953125005,281.86769971893403,b,mono,102,15_min_feeding,102,102,10.5
31.050154122639057,6.0,1.1183312201859321,8.470984465337958,7.352653245152026,0.3360670472209746,29.59041854930724,25.990506383221476,5.0,27.01523024169922,281.86769971893403,b,mono,102,15_min_feeding,102,102,10.5
31.050154122639057,6.0,1.1183312201859321,8.470984465337958,7.352653245152026,0.3360670472209746,30.706497725076417,26.560774257540434,5.5,36.85638290063477,281.86769971893403,b,mono,102,15_min_feeding,102,102,10.5
31.050154122639057,6.0,1.1183312201859321,8.470984465337958,7.352653245152026,0.3360670472209746,31.050154122639057,27.619975056965885,6.0,22.878962380371096,281.86769971893403,b,mono,102,15_min_feeding,102,102,10.5
31.050154122639057,6.0,1.1183312201859321,8.470984465337958,7.352653245152026,0.3360670472209746,30.75025973642832,17.46873438219702,6.5,8.543195786132816,281.86769971893403,b,mono,102,15_min_feeding,102,102,10.5
31.050154122639057,6.0,1.1183312201859321,8.470984465337958,7.352653245152026,0.3360670472209746,29.936124920996907,31.15257323970646,7.0,27.4166756616211,281.86769971893403,b,mono,102,15_min_feeding,102,102,10.5
31.050154122639057,6.0,1.1183312201859321,8.470984465337958,7.352653245152026,0.3360670472209746,28.728929147574068,31.36530213708953,7.5,38.81269260742189,281.86769971893403,b,mono,102,15_min_feeding,102,102,10.5
31.050154122639057,6.0,1.1183312201859321,8.470984465337958,7.352653245152026,0.3360670472209746,27.237056625609753,24.143903523154933,8.0,7.6226066479492225,281.86769971893403,b,mono,102,15_min_feeding,102,102,10.5
31.050154122639057,6.0,1.1183312201859321,8.470984465337958,7.352653245152026,0.3360670472209746,25.55403998766829,16.746930690148165,8.5,12.921053103027347,281.86769971893403,b,mono,102,15_min_feeding,102,102,10.5
31.050154122639057,6.0,1.1183312201859321,8.470984465337958,7.352653245152026,0.3360670472209746,23.758191504208387,17.50778712174767,9.0,20.645331374511727,281.86769971893403,b,mono,102,15_min_feeding,102,102,10.5
31.050154122639057,6.0,1.1183312201859321,8.470984465337958,7.352653245152026,0.3360670472209746,21.9132756927815,19.532181476706636,9.5,21.874509069824228,281.86769971893403,b,mono,102,15_min_feeding,102,102,10.5
31.050154122639057,6.0,1.1183312201859321,8.470984465337958,7.352653245152026,0.3360670472209746,20.069776507513065,12.712737726576766,10.0,17.943370151367194,281.86769971893403,b,mono,102,15_min_feeding,102,102,10.5
31.050154122639057,6.0,1.1183312201859321,8.470984465337958,7.352653245152026,0.3360670472209746,18.266456213515486,6.987595527769219,10.5,3.421399863281259,281.86769971893403,b,mono,102,15_min_feeding,102,102,10.5
31.050154122639057,6.0,1.1183312201859321,8.470984465337958,7.352653245152026,0.3360670472209746,16.532006131374033,8.524982304224018,11.0,6.918742839355474,281.86769971893403,b,mono,102,15_min_feeding,102,102,10.5
31.050154122639057,6.0,1.1183312201859321,8.470984465337958,7.352653245152026,0.3360670472209746,14.886662502406145,7.063026391995347,11.5,18.41632311035157,281.86769971893403,b,mono,102,15_min_feeding,102,102,10.5
31.050154122639057,6.0,1.1183312201859321,8.470984465337958,7.352653245152026,0.3360670472209746,13.343711828753952,9.80175504885722,12.0,10.490888386230477,281.86769971893403,b,mono,102,15_min_feeding,102,102,10.5
31.050154122639057,6.0,1.1183312201859321,8.470984465337958,7.352653245152026,0.3360670472209746,11.910845170737966,9.624539097243066,12.5,13.198649978027351,281.86769971893403,b,mono,102,15_min_feeding,102,102,10.5
31.050154122639057,6.0,1.1183312201859321,8.470984465337958,7.352653245152026,0.3360670472209746,10.59134447941279,9.104682659955326,13.0,13.42481350585938,281.86769971893403,b,mono,102,15_min_feeding,102,102,10.5
31.050154122639057,6.0,1.1183312201859321,8.470984465337958,7.352653245152026,0.3360670472209746,9.385099389862894,7.428884303222556,13.5,3.500593000488287,281.86769971893403,b,mono,102,15_min_feeding,102,102,10.5
31.050154122639057,6.0,1.1183312201859321,8.470984465337958,7.352653245152026,0.3360670472209746,8.28946241895634,9.069589263827265,14.0,11.587032324218757,281.86769971893403,b,mono,102,15_min_feeding,102,102,10.5
31.050154122639057,6.0,1.1183312201859321,8.470984465337958,7.352653245152026,0.3360670472209746,7.29995597071933,5.757097532777685,14.5,9.455989418945322,281.86769971893403,b,mono,102,15_min_feeding,102,102,10.5
31.050154122639057,6.0,1.1183312201859321,8.470984465337958,7.352653245152026,0.3360670472209746,6.410847240716471,8.108283271931601,15.0,7.85891184570313,281.86769971893403,b,mono,102,15_min_feeding,102,102,10.5
31.050154122639057,6.0,1.1183312201859321,8.470984465337958,7.352653245152026,0.3360670472209746,5.6156079561453955,13.206624493376044,15.5,14.011468783691406,281.86769971893403,b,mono,102,15_min_feeding,102,102,10.5
31.050154122639057,6.0,1.1183312201859321,8.470984465337958,7.352653245152026,0.3360670472209746,4.907275553209002,9.28076199025951,16.0,8.333482631835945,281.86769971893403,b,mono,102,15_min_feeding,102,102,10.5
31.050154122639057,6.0,1.1183312201859321,8.470984465337958,7.352653245152026,0.3360670472209746,4.278731344319769,7.511846797899548,16.5,4.112349238281254,281.86769971893403,b,mono,102,15_min_feeding,102,102,10.5
31.050154122639057,6.0,1.1183312201859321,8.470984465337958,7.352653245152026,0.3360670472209746,3.722909788100054,0.35095173301265703,17.0,10.702694477539069,281.86769971893403,b,mono,102,15_min_feeding,102,102,10.5
31.050154122639057,6.0,1.1183312201859321,8.470984465337958,7.352653245152026,0.3360670472209746,3.232951364138479,8.362599492019015,17.5,9.155255681152347,281.86769971893403,b,mono,102,15_min_feeding,102,102,10.5
31.050154122639057,6.0,1.1183312201859321,8.470984465337958,7.352653245152026,0.3360670472209746,2.8023099162719523,5.859955782522764,18.0,-1.9484778686523363,281.86769971893403,b,mono,102,15_min_feeding,102,102,10.5
31.050154122639057,6.0,1.1183312201859321,8.470984465337958,7.352653245152026,0.3360670472209746,2.424823753667183,3.668219519712519,18.5,-2.2445559521484313,281.86769971893403,b,mono,102,15_min_feeding,102,102,10.5
31.050154122639057,6.0,1.1183312201859321,8.470984465337958,7.352653245152026,0.3360670472209746,2.0947583416168056,2.55813859544433,19.0,11.61181563964844,281.86769971893403,b,mono,102,15_min_feeding,102,102,10.5
31.050154122639057,6.0,1.1183312201859321,8.470984465337958,7.352653245152026,0.3360670472209746,1.8068271013749193,9.138696124325406,19.5,6.9479790234375045,281.86769971893403,b,mono,102,15_min_feeding,102,102,10.5
31.050154122639057,6.0,1.1183312201859321,8.470984465337958,7.352653245152026,0.3360670472209746,1.556195680796858,6.762970148669101,20.0,12.88825574707031,281.86769971893403,b,mono,102,15_min_feeding,102,102,10.5
31.050154122639057,6.0,1.1183312201859321,8.470984465337958,7.352653245152026,0.3360670472209746,1.3384740539723294,7.7390987407668845,20.5,10.812072111816416,281.86769971893403,b,mono,102,15_min_feeding,102,102,10.5
31.050154122639057,6.0,1.1183312201859321,8.470984465337958,7.352653245152026,0.3360670472209746,1.1496999504015268,5.321481622299199,21.0,9.580349467773445,281.86769971893403,b,mono,102,15_min_feeding,102,102,10.5
